Feature,Importance
Source_Manga,0.23405988999797112
episodes,0.19291097983296662
Source_Light novel,0.08087186799755813
Rating_G,0.08066816052149375
Rating_Rx,0.0688531269097599
synopsis_tfidf_940,0.06396414748421467
Rating_PG,0.049297209207579386
Types_ONA,0.04848237930332186
Types_Music,0.0458341821144849
Genres_Hentai,0.030148706457527534
Types_OVA,0.028315339172948102
Types_Movie,0.020574455082501702
Source_Game,0.019759625178244082
Genres_Avant Garde,0.015481768180892166
Source_Book,0.014870645752699021
Types_TV,0.014666938276634822
Genres_Horror,0.014055815848441405
Rating_R,0.011815033611733392
Source_Visual novel,0.010185373803218522
synopsis_tfidf_771,0.00957425137502538
synopsis_tfidf_894,0.009370543898960906
synopsis_tfidf_633,0.008963128946832053
Source_Original,0.008555713994703564
synopsis_tfidf_964,0.00855571399470338
synopsis_tfidf_529,0.00855571399470329
synopsis_tfidf_905,0.008352006518638908
synopsis_tfidf_606,0.008148299042574709
synopsis_tfidf_379,0.008148299042574619
synopsis_tfidf_587,0.00794459156651051
synopsis_tfidf_876,0.007944591566510235
synopsis_tfidf_357,0.007944591566510235
synopsis_tfidf_808,0.007333469138317365
synopsis_tfidf_297,0.007333469138317275
synopsis_tfidf_959,0.007333469138317275
synopsis_tfidf_479,0.007129761662252802
synopsis_tfidf_539,0.006926054186188603
Genres_Sci-Fi,0.006926054186188512
synopsis_tfidf_756,0.006722346710124221
synopsis_tfidf_36,0.006722346710124221
synopsis_tfidf_996,0.006518639234059931
synopsis_tfidf_235,0.006518639234059658
synopsis_tfidf_711,0.00631493175799564
synopsis_tfidf_355,0.00631493175799564
Genres_Award Winning,0.005907516805866877
synopsis_tfidf_751,0.005907516805866696
synopsis_tfidf_866,0.005703809329802497
synopsis_tfidf_781,0.005703809329802406
synopsis_tfidf_735,0.005703809329802315
synopsis_tfidf_528,0.005703809329802315
synopsis_tfidf_75,0.005500101853738115
synopsis_tfidf_340,0.005500101853738024
Genres_Mystery,0.005500101853738024
synopsis_tfidf_877,0.005500101853737933
synopsis_tfidf_536,0.005500101853737933
synopsis_tfidf_26,0.005296394377673734
synopsis_tfidf_626,0.005296394377673734
synopsis_tfidf_19,0.005296394377673734
synopsis_tfidf_180,0.0052963943776735516
Genres_Boys Love,0.005092686901609352
synopsis_tfidf_514,0.005092686901609352
synopsis_tfidf_772,0.005092686901609352
synopsis_tfidf_432,0.005092686901609261
synopsis_tfidf_266,0.004888979425545063
synopsis_tfidf_262,0.004888979425544971
synopsis_tfidf_635,0.00488897942554488
Genres_Suspense,0.004685271949480771
synopsis_tfidf_101,0.004685271949480771
synopsis_tfidf_581,0.004685271949480681
synopsis_tfidf_94,0.004685271949480681
synopsis_tfidf_526,0.004685271949480681
synopsis_tfidf_487,0.00468527194948059
synopsis_tfidf_928,0.00468527194948059
synopsis_tfidf_793,0.00468527194948059
synopsis_tfidf_728,0.004481564473416391
synopsis_tfidf_151,0.0044815644734163
synopsis_tfidf_559,0.0044815644734163
synopsis_tfidf_696,0.0044815644734163
synopsis_tfidf_506,0.0044815644734163
synopsis_tfidf_378,0.0044815644734162085
synopsis_tfidf_322,0.0044815644734162085
Genres_Slice of Life,0.004481564473415935
synopsis_tfidf_983,0.004277856997352009
synopsis_tfidf_917,0.004277856997352009
synopsis_tfidf_465,0.004277856997352009
synopsis_tfidf_219,0.004277856997351917
synopsis_tfidf_655,0.004277856997351917
synopsis_tfidf_558,0.004277856997351917
synopsis_tfidf_593,0.004277856997351917
synopsis_tfidf_615,0.004277856997351917
synopsis_tfidf_343,0.004277856997351917
synopsis_tfidf_982,0.004277856997351827
synopsis_tfidf_377,0.004074149521287628
synopsis_tfidf_535,0.004074149521287537
synopsis_tfidf_139,0.004074149521287537
synopsis_tfidf_823,0.003870442045223246
synopsis_tfidf_810,0.0038704420452231555
synopsis_tfidf_682,0.0038704420452231555
synopsis_tfidf_425,0.003870442045223064
synopsis_tfidf_551,0.003870442045222973
synopsis_tfidf_925,0.003666734569158865
synopsis_tfidf_708,0.003666734569158865
synopsis_tfidf_110,0.003666734569158865
synopsis_tfidf_849,0.003666734569158865
synopsis_tfidf_27,0.003666734569158774
synopsis_tfidf_272,0.003666734569158774
synopsis_tfidf_242,0.003666734569158774
synopsis_tfidf_217,0.003666734569158774
synopsis_tfidf_897,0.003666734569158774
synopsis_tfidf_899,0.003666734569158774
synopsis_tfidf_505,0.003666734569158774
synopsis_tfidf_396,0.003666734569158774
synopsis_tfidf_194,0.0036667345691586825
synopsis_tfidf_45,0.0036667345691585914
synopsis_tfidf_564,0.0034630270930944835
synopsis_tfidf_458,0.0034630270930944835
synopsis_tfidf_463,0.0034630270930944835
synopsis_tfidf_790,0.0034630270930944835
synopsis_tfidf_885,0.0034630270930944835
synopsis_tfidf_315,0.0034630270930944835
synopsis_tfidf_995,0.003463027093094392
Rating_R+,0.0034630270930941193
synopsis_tfidf_903,0.0032593196170301025
synopsis_tfidf_907,0.0032593196170301025
synopsis_tfidf_83,0.0032593196170301025
synopsis_tfidf_385,0.0032593196170301025
synopsis_tfidf_791,0.0032593196170301025
synopsis_tfidf_767,0.0032593196170301025
synopsis_tfidf_461,0.0032593196170301025
synopsis_tfidf_864,0.003259319617030011
synopsis_tfidf_748,0.003259319617030011
synopsis_tfidf_307,0.003259319617030011
Genres_Supernatural,0.003259319617030011
synopsis_tfidf_659,0.003259319617030011
synopsis_tfidf_302,0.003055612140965721
synopsis_tfidf_134,0.003055612140965721
synopsis_tfidf_204,0.003055612140965721
synopsis_tfidf_488,0.003055612140965721
synopsis_tfidf_155,0.003055612140965721
synopsis_tfidf_677,0.003055612140965721
synopsis_tfidf_347,0.003055612140965721
synopsis_tfidf_652,0.003055612140965721
synopsis_tfidf_77,0.003055612140965721
synopsis_tfidf_809,0.002851904664901339
synopsis_tfidf_874,0.002851904664901339
synopsis_tfidf_433,0.002851904664901339
synopsis_tfidf_70,0.0028519046649012484
synopsis_tfidf_462,0.0028519046649012484
synopsis_tfidf_706,0.0028519046649012484
synopsis_tfidf_525,0.002648197188836958
synopsis_tfidf_285,0.002648197188836958
synopsis_tfidf_777,0.002648197188836958
synopsis_tfidf_4,0.002648197188836958
synopsis_tfidf_116,0.002648197188836958
synopsis_tfidf_684,0.002648197188836958
synopsis_tfidf_963,0.002648197188836958
synopsis_tfidf_865,0.002648197188836867
synopsis_tfidf_273,0.002648197188836867
synopsis_tfidf_610,0.002648197188836867
synopsis_tfidf_220,0.0024444897127725764
synopsis_tfidf_184,0.0024444897127725764
synopsis_tfidf_296,0.0024444897127725764
synopsis_tfidf_374,0.0024444897127725764
synopsis_tfidf_181,0.0024444897127725764
synopsis_tfidf_390,0.0024444897127725764
synopsis_tfidf_176,0.0024444897127725764
synopsis_tfidf_820,0.0024444897127725764
synopsis_tfidf_455,0.0024444897127725764
synopsis_tfidf_970,0.0024444897127725764
synopsis_tfidf_967,0.0024444897127725764
synopsis_tfidf_889,0.0024444897127725764
synopsis_tfidf_17,0.0024444897127725764
synopsis_tfidf_935,0.0024444897127725764
synopsis_tfidf_568,0.0024444897127725764
synopsis_tfidf_595,0.0024444897127725764
synopsis_tfidf_837,0.0024444897127725764
synopsis_tfidf_685,0.0024444897127725764
synopsis_tfidf_921,0.0024444897127725764
synopsis_tfidf_930,0.0024444897127725764
synopsis_tfidf_742,0.0024444897127724853
synopsis_tfidf_256,0.0022407822367081953
synopsis_tfidf_933,0.0022407822367081953
synopsis_tfidf_255,0.0022407822367081953
synopsis_tfidf_237,0.0022407822367081953
synopsis_tfidf_160,0.0022407822367081953
synopsis_tfidf_941,0.0022407822367081953
synopsis_tfidf_0,0.0022407822367081953
synopsis_tfidf_975,0.0022407822367081953
synopsis_tfidf_884,0.0022407822367081953
synopsis_tfidf_412,0.0022407822367081953
synopsis_tfidf_416,0.0022407822367081953
synopsis_tfidf_598,0.0022407822367081953
synopsis_tfidf_750,0.0022407822367081953
synopsis_tfidf_485,0.0022407822367081953
synopsis_tfidf_518,0.0022407822367081953
synopsis_tfidf_326,0.0022407822367081953
synopsis_tfidf_371,0.0022407822367081953
synopsis_tfidf_639,0.0022407822367081953
synopsis_tfidf_133,0.0022407822367081953
synopsis_tfidf_950,0.0022407822367081043
synopsis_tfidf_665,0.0022407822367081043
synopsis_tfidf_74,0.002240782236708013
synopsis_tfidf_351,0.002240782236708013
synopsis_tfidf_879,0.002037074760643814
synopsis_tfidf_600,0.002037074760643814
synopsis_tfidf_173,0.002037074760643814
synopsis_tfidf_560,0.002037074760643814
synopsis_tfidf_214,0.002037074760643814
synopsis_tfidf_710,0.002037074760643814
synopsis_tfidf_530,0.002037074760643814
synopsis_tfidf_892,0.002037074760643814
synopsis_tfidf_732,0.002037074760643814
synopsis_tfidf_976,0.002037074760643814
synopsis_tfidf_999,0.002037074760643814
synopsis_tfidf_146,0.002037074760643814
synopsis_tfidf_137,0.002037074760643814
synopsis_tfidf_844,0.0020370747606437228
synopsis_tfidf_46,0.0020370747606437228
synopsis_tfidf_676,0.0020370747606437228
synopsis_tfidf_367,0.0020370747606437228
synopsis_tfidf_915,0.0018333672845794325
synopsis_tfidf_645,0.0018333672845794325
synopsis_tfidf_153,0.0018333672845794325
synopsis_tfidf_499,0.0018333672845794325
synopsis_tfidf_20,0.0018333672845794325
synopsis_tfidf_16,0.0018333672845794325
synopsis_tfidf_446,0.0018333672845794325
synopsis_tfidf_727,0.0018333672845794325
synopsis_tfidf_39,0.0018333672845794325
synopsis_tfidf_597,0.0018333672845794325
synopsis_tfidf_246,0.0018333672845794325
synopsis_tfidf_76,0.0018333672845794325
synopsis_tfidf_653,0.0018333672845794325
synopsis_tfidf_663,0.0018333672845794325
synopsis_tfidf_698,0.0018333672845794325
synopsis_tfidf_311,0.0018333672845794325
synopsis_tfidf_206,0.0018333672845794325
synopsis_tfidf_403,0.0018333672845794325
synopsis_tfidf_632,0.0018333672845793412
synopsis_tfidf_424,0.0018333672845793412
Genres_Fantasy,0.0018333672845792504
Genres_Action,0.001833367284579159
synopsis_tfidf_762,0.0016296598085150512
synopsis_tfidf_554,0.0016296598085150512
synopsis_tfidf_63,0.0016296598085150512
synopsis_tfidf_513,0.0016296598085150512
synopsis_tfidf_66,0.0016296598085150512
synopsis_tfidf_803,0.0016296598085150512
synopsis_tfidf_834,0.0016296598085150512
synopsis_tfidf_816,0.0016296598085150512
synopsis_tfidf_117,0.0016296598085150512
synopsis_tfidf_309,0.0016296598085150512
synopsis_tfidf_987,0.0016296598085150512
synopsis_tfidf_974,0.0016296598085150512
synopsis_tfidf_368,0.0016296598085150512
synopsis_tfidf_149,0.0016296598085150512
synopsis_tfidf_411,0.0016296598085150512
synopsis_tfidf_10,0.0016296598085150512
synopsis_tfidf_15,0.0016296598085150512
synopsis_tfidf_436,0.0016296598085150512
synopsis_tfidf_69,0.0016296598085150512
synopsis_tfidf_483,0.0016296598085150512
synopsis_tfidf_838,0.0016296598085150512
synopsis_tfidf_115,0.0016296598085150512
synopsis_tfidf_579,0.00162965980851496
synopsis_tfidf_792,0.00162965980851496
Genres_Comedy,0.0016296598085146867
synopsis_tfidf_484,0.0014259523324506695
synopsis_tfidf_986,0.0014259523324506695
synopsis_tfidf_672,0.0014259523324506695
synopsis_tfidf_869,0.0014259523324506695
synopsis_tfidf_599,0.0014259523324506695
synopsis_tfidf_780,0.0014259523324506695
synopsis_tfidf_97,0.0014259523324506695
synopsis_tfidf_190,0.0014259523324506695
synopsis_tfidf_833,0.0014259523324506695
synopsis_tfidf_93,0.0014259523324505786
synopsis_tfidf_73,0.0014259523324505786
synopsis_tfidf_954,0.0014259523324504874
synopsis_tfidf_125,0.0012222448563862882
synopsis_tfidf_747,0.0012222448563862882
synopsis_tfidf_141,0.0012222448563862882
synopsis_tfidf_495,0.0012222448563862882
synopsis_tfidf_338,0.0012222448563862882
synopsis_tfidf_501,0.0012222448563862882
synopsis_tfidf_387,0.0012222448563862882
synopsis_tfidf_782,0.0012222448563862882
synopsis_tfidf_290,0.0012222448563862882
synopsis_tfidf_452,0.0012222448563862882
synopsis_tfidf_142,0.0012222448563862882
synopsis_tfidf_920,0.0012222448563862882
synopsis_tfidf_475,0.0012222448563862882
synopsis_tfidf_627,0.0012222448563862882
synopsis_tfidf_232,0.0012222448563862882
synopsis_tfidf_936,0.0012222448563862882
synopsis_tfidf_991,0.0012222448563862882
synopsis_tfidf_404,0.0012222448563862882
synopsis_tfidf_716,0.0012222448563862882
synopsis_tfidf_714,0.0012222448563862882
synopsis_tfidf_86,0.0012222448563862882
synopsis_tfidf_691,0.0012222448563862882
synopsis_tfidf_924,0.0012222448563862882
synopsis_tfidf_578,0.0012222448563861974
synopsis_tfidf_96,0.0012222448563861974
synopsis_tfidf_893,0.001018537380321907
synopsis_tfidf_399,0.001018537380321907
synopsis_tfidf_13,0.001018537380321907
synopsis_tfidf_442,0.001018537380321907
synopsis_tfidf_360,0.001018537380321907
synopsis_tfidf_942,0.001018537380321907
synopsis_tfidf_510,0.001018537380321907
synopsis_tfidf_752,0.001018537380321907
synopsis_tfidf_611,0.001018537380321907
synopsis_tfidf_32,0.001018537380321907
synopsis_tfidf_958,0.001018537380321907
synopsis_tfidf_331,0.001018537380321907
synopsis_tfidf_328,0.001018537380321907
synopsis_tfidf_631,0.001018537380321907
synopsis_tfidf_761,0.001018537380321907
synopsis_tfidf_354,0.001018537380321907
synopsis_tfidf_566,0.001018537380321907
synopsis_tfidf_972,0.001018537380321907
synopsis_tfidf_592,0.001018537380321907
synopsis_tfidf_65,0.0010185373803218158
synopsis_tfidf_308,0.0010185373803218158
synopsis_tfidf_523,0.0010185373803218158
synopsis_tfidf_376,0.0008148299042575256
synopsis_tfidf_651,0.0008148299042575256
synopsis_tfidf_880,0.0008148299042575256
synopsis_tfidf_906,0.0008148299042575256
synopsis_tfidf_12,0.0008148299042575256
synopsis_tfidf_119,0.0008148299042575256
synopsis_tfidf_886,0.0008148299042575256
synopsis_tfidf_478,0.0008148299042575256
synopsis_tfidf_481,0.0008148299042575256
synopsis_tfidf_802,0.0008148299042575256
synopsis_tfidf_797,0.0008148299042575256
synopsis_tfidf_795,0.0008148299042575256
synopsis_tfidf_519,0.0008148299042575256
synopsis_tfidf_521,0.0008148299042575256
synopsis_tfidf_775,0.0008148299042575256
synopsis_tfidf_570,0.0008148299042575256
synopsis_tfidf_629,0.0008148299042575256
synopsis_tfidf_172,0.0008148299042575256
synopsis_tfidf_586,0.0008148299042575256
synopsis_tfidf_287,0.0008148299042575256
synopsis_tfidf_202,0.0008148299042575256
synopsis_tfidf_249,0.0008148299042575256
synopsis_tfidf_201,0.0008148299042575256
synopsis_tfidf_830,0.0008148299042574344
synopsis_tfidf_904,0.0008148299042574344
Genres_Drama,0.0008148299042573434
synopsis_tfidf_851,0.0006111224281931441
synopsis_tfidf_712,0.0006111224281931441
synopsis_tfidf_490,0.0006111224281931441
synopsis_tfidf_608,0.0006111224281931441
synopsis_tfidf_815,0.0006111224281931441
synopsis_tfidf_3,0.0006111224281931441
synopsis_tfidf_138,0.0006111224281931441
synopsis_tfidf_640,0.0006111224281931441
synopsis_tfidf_457,0.0006111224281931441
synopsis_tfidf_228,0.0006111224281931441
synopsis_tfidf_362,0.0006111224281931441
synopsis_tfidf_503,0.0006111224281931441
synopsis_tfidf_707,0.0006111224281931441
synopsis_tfidf_275,0.0006111224281931441
Genres_Sports,0.0006111224281931441
synopsis_tfidf_453,0.0006111224281931441
synopsis_tfidf_650,0.0006111224281931441
synopsis_tfidf_664,0.0006111224281931441
synopsis_tfidf_166,0.0006111224281931441
synopsis_tfidf_205,0.0006111224281931441
synopsis_tfidf_669,0.0006111224281931441
synopsis_tfidf_429,0.0006111224281931441
synopsis_tfidf_832,0.0006111224281931441
synopsis_tfidf_58,0.0006111224281931441
synopsis_tfidf_122,0.0006111224281931441
synopsis_tfidf_760,0.0006111224281931441
synopsis_tfidf_799,0.0006111224281931441
synopsis_tfidf_216,0.0006111224281931441
synopsis_tfidf_890,0.0006111224281931441
synopsis_tfidf_759,0.0006111224281931441
synopsis_tfidf_320,0.0006111224281931441
synopsis_tfidf_891,0.0006111224281931441
synopsis_tfidf_298,0.0006111224281931441
synopsis_tfidf_524,0.0006111224281931441
synopsis_tfidf_580,0.0006111224281931441
synopsis_tfidf_755,0.0006111224281931441
synopsis_tfidf_257,0.0006111224281931441
synopsis_tfidf_533,0.000611122428193053
Genres_Adventure,0.000611122428192962
synopsis_tfidf_720,0.0004074149521287628
synopsis_tfidf_382,0.0004074149521287628
synopsis_tfidf_547,0.0004074149521287628
synopsis_tfidf_875,0.0004074149521287628
synopsis_tfidf_636,0.0004074149521287628
synopsis_tfidf_380,0.0004074149521287628
synopsis_tfidf_223,0.0004074149521287628
synopsis_tfidf_274,0.0004074149521287628
synopsis_tfidf_774,0.0004074149521287628
synopsis_tfidf_224,0.0004074149521287628
synopsis_tfidf_567,0.0004074149521287628
synopsis_tfidf_661,0.0004074149521287628
synopsis_tfidf_994,0.0004074149521287628
synopsis_tfidf_557,0.0004074149521287628
synopsis_tfidf_824,0.0004074149521287628
synopsis_tfidf_394,0.0004074149521287628
synopsis_tfidf_532,0.0004074149521287628
synopsis_tfidf_276,0.0004074149521287628
synopsis_tfidf_402,0.0004074149521287628
synopsis_tfidf_373,0.0004074149521287628
synopsis_tfidf_473,0.0004074149521287628
synopsis_tfidf_400,0.0004074149521287628
synopsis_tfidf_922,0.0004074149521287628
synopsis_tfidf_345,0.0004074149521287628
synopsis_tfidf_502,0.0004074149521287628
synopsis_tfidf_346,0.0004074149521287628
synopsis_tfidf_178,0.0004074149521287628
synopsis_tfidf_306,0.0004074149521287628
synopsis_tfidf_743,0.0004074149521287628
synopsis_tfidf_29,0.0004074149521287628
synopsis_tfidf_303,0.0004074149521287628
synopsis_tfidf_978,0.0004074149521287628
synopsis_tfidf_860,0.0004074149521287628
synopsis_tfidf_929,0.0004074149521287628
synopsis_tfidf_414,0.0004074149521287628
synopsis_tfidf_269,0.0004074149521287628
synopsis_tfidf_24,0.0004074149521287628
synopsis_tfidf_540,0.0004074149521287628
synopsis_tfidf_749,0.0004074149521287628
synopsis_tfidf_813,0.0004074149521287628
synopsis_tfidf_814,0.0004074149521287628
synopsis_tfidf_418,0.0004074149521287628
synopsis_tfidf_140,0.0004074149521287628
synopsis_tfidf_415,0.0004074149521286717
synopsis_tfidf_444,0.0002037074760643814
synopsis_tfidf_537,0.0002037074760643814
synopsis_tfidf_660,0.0002037074760643814
synopsis_tfidf_230,0.0002037074760643814
synopsis_tfidf_671,0.0002037074760643814
synopsis_tfidf_670,0.0002037074760643814
synopsis_tfidf_427,0.0002037074760643814
synopsis_tfidf_588,0.0002037074760643814
synopsis_tfidf_656,0.0002037074760643814
synopsis_tfidf_654,0.0002037074760643814
synopsis_tfidf_107,0.0002037074760643814
synopsis_tfidf_245,0.0002037074760643814
synopsis_tfidf_493,0.0002037074760643814
synopsis_tfidf_489,0.0002037074760643814
synopsis_tfidf_855,0.0002037074760643814
synopsis_tfidf_112,0.0002037074760643814
synopsis_tfidf_271,0.0002037074760643814
synopsis_tfidf_934,0.0002037074760643814
synopsis_tfidf_472,0.0002037074760643814
synopsis_tfidf_250,0.0002037074760643814
synopsis_tfidf_469,0.0002037074760643814
synopsis_tfidf_114,0.0002037074760643814
synopsis_tfidf_71,0.0002037074760643814
synopsis_tfidf_561,0.0002037074760643814
synopsis_tfidf_647,0.0002037074760643814
synopsis_tfidf_304,0.0002037074760643814
synopsis_tfidf_423,0.0002037074760643814
synopsis_tfidf_212,0.0002037074760643814
synopsis_tfidf_170,0.0002037074760643814
synopsis_tfidf_207,0.0002037074760643814
synopsis_tfidf_164,0.0002037074760643814
synopsis_tfidf_44,0.0002037074760643814
synopsis_tfidf_957,0.0002037074760643814
synopsis_tfidf_695,0.0002037074760643814
synopsis_tfidf_973,0.0002037074760643814
synopsis_tfidf_740,0.0002037074760643814
synopsis_tfidf_215,0.0002037074760643814
synopsis_tfidf_723,0.0002037074760643814
synopsis_tfidf_40,0.0002037074760643814
synopsis_tfidf_281,0.0002037074760643814
synopsis_tfidf_62,0.0002037074760643814
synopsis_tfidf_135,0.0002037074760643814
synopsis_tfidf_953,0.0002037074760643814
synopsis_tfidf_819,0.0002037074760643814
synopsis_tfidf_123,0.0002037074760643814
synopsis_tfidf_683,0.0002037074760643814
synopsis_tfidf_419,0.0002037074760643814
Genres_Gourmet,0.0002037074760643814
synopsis_tfidf_145,0.0002037074760643814
synopsis_tfidf_397,0.0002037074760643814
synopsis_tfidf_210,0.0
synopsis_tfidf_209,0.0
synopsis_tfidf_504,0.0
synopsis_tfidf_984,0.0
synopsis_tfidf_679,0.0
synopsis_tfidf_342,0.0
synopsis_tfidf_746,0.0
synopsis_tfidf_601,0.0
synopsis_tfidf_294,0.0
synopsis_tfidf_798,0.0
synopsis_tfidf_811,0.0
synopsis_tfidf_356,0.0
synopsis_tfidf_614,0.0
synopsis_tfidf_857,0.0
synopsis_tfidf_863,0.0
synopsis_tfidf_253,0.0
synopsis_tfidf_261,0.0
synopsis_tfidf_21,0.0
synopsis_tfidf_42,0.0
synopsis_tfidf_538,0.0
synopsis_tfidf_998,0.0
synopsis_tfidf_41,0.0
synopsis_tfidf_191,0.0
synopsis_tfidf_144,0.0
synopsis_tfidf_556,0.0
synopsis_tfidf_11,0.0
synopsis_tfidf_18,0.0
synopsis_tfidf_992,0.0
synopsis_tfidf_321,0.0
synopsis_tfidf_911,0.0
synopsis_tfidf_912,0.0
synopsis_tfidf_259,0.0
synopsis_tfidf_520,0.0
synopsis_tfidf_931,0.0
synopsis_tfidf_325,0.0
synopsis_tfidf_913,0.0
synopsis_tfidf_571,0.0
synopsis_tfidf_856,0.0
synopsis_tfidf_359,0.0
synopsis_tfidf_977,0.0
synopsis_tfidf_718,0.0
synopsis_tfidf_229,0.0
synopsis_tfidf_35,0.0
synopsis_tfidf_126,0.0
synopsis_tfidf_699,0.0
synopsis_tfidf_398,0.0
synopsis_tfidf_658,0.0
synopsis_tfidf_689,0.0
synopsis_tfidf_687,0.0
synopsis_tfidf_956,0.0
synopsis_tfidf_947,0.0
synopsis_tfidf_437,0.0
synopsis_tfidf_407,0.0
synopsis_tfidf_686,0.0
synopsis_tfidf_409,0.0
synopsis_tfidf_410,0.0
synopsis_tfidf_673,0.0
synopsis_tfidf_428,0.0
synopsis_tfidf_675,0.0
synopsis_tfidf_543,0.0
synopsis_tfidf_966,0.0
synopsis_tfidf_544,0.0
synopsis_tfidf_240,0.0
synopsis_tfidf_292,0.0
Genres_Erotica,0.0
synopsis_tfidf_476,0.0
synopsis_tfidf_634,0.0
synopsis_tfidf_241,0.0
synopsis_tfidf_848,0.0
synopsis_tfidf_468,0.0
synopsis_tfidf_471,0.0
synopsis_tfidf_231,-0.0002037074760643814
synopsis_tfidf_203,-0.0002037074760643814
synopsis_tfidf_37,-0.0002037074760643814
synopsis_tfidf_778,-0.0002037074760643814
synopsis_tfidf_721,-0.0002037074760643814
synopsis_tfidf_741,-0.0002037074760643814
synopsis_tfidf_222,-0.0002037074760643814
synopsis_tfidf_731,-0.0002037074760643814
synopsis_tfidf_736,-0.0002037074760643814
synopsis_tfidf_244,-0.0002037074760643814
synopsis_tfidf_84,-0.0002037074760643814
synopsis_tfidf_51,-0.0002037074760643814
synopsis_tfidf_828,-0.0002037074760643814
synopsis_tfidf_305,-0.0002037074760643814
synopsis_tfidf_236,-0.0002037074760643814
synopsis_tfidf_648,-0.0002037074760643814
synopsis_tfidf_693,-0.0002037074760643814
synopsis_tfidf_88,-0.0002037074760643814
synopsis_tfidf_85,-0.0002037074760643814
synopsis_tfidf_591,-0.0002037074760643814
synopsis_tfidf_644,-0.0002037074760643814
synopsis_tfidf_52,-0.0002037074760643814
synopsis_tfidf_843,-0.0002037074760643814
synopsis_tfidf_23,-0.0002037074760643814
synopsis_tfidf_218,-0.0002037074760643814
synopsis_tfidf_722,-0.0002037074760643814
synopsis_tfidf_768,-0.0002037074760643814
synopsis_tfidf_785,-0.0002037074760643814
synopsis_tfidf_542,-0.0002037074760643814
synopsis_tfidf_447,-0.0002037074760643814
synopsis_tfidf_108,-0.0002037074760643814
synopsis_tfidf_421,-0.0002037074760643814
synopsis_tfidf_422,-0.0002037074760643814
synopsis_tfidf_952,-0.0002037074760643814
synopsis_tfidf_949,-0.0002037074760643814
synopsis_tfidf_189,-0.0002037074760643814
synopsis_tfidf_120,-0.0002037074760643814
synopsis_tfidf_434,-0.0002037074760643814
synopsis_tfidf_435,-0.0002037074760643814
synopsis_tfidf_277,-0.0002037074760643814
synopsis_tfidf_454,-0.0002037074760643814
synopsis_tfidf_960,-0.0002037074760643814
synopsis_tfidf_498,-0.0002037074760643814
synopsis_tfidf_938,-0.0002037074760643814
synopsis_tfidf_150,-0.0002037074760643814
synopsis_tfidf_186,-0.0002037074760643814
synopsis_tfidf_8,-0.0002037074760643814
synopsis_tfidf_464,-0.0002037074760643814
synopsis_tfidf_152,-0.0002037074760643814
synopsis_tfidf_5,-0.0002037074760643814
synopsis_tfidf_927,-0.0002037074760643814
synopsis_tfidf_267,-0.0002037074760643814
synopsis_tfidf_401,-0.0002037074760643814
synopsis_tfidf_7,-0.0002037074760643814
synopsis_tfidf_369,-0.0002037074760643814
Genres_Girls Love,-0.0002037074760643814
synopsis_tfidf_531,-0.0002037074760643814
synopsis_tfidf_104,-0.0002037074760643814
synopsis_tfidf_330,-0.0002037074760643814
synopsis_tfidf_909,-0.0002037074760643814
synopsis_tfidf_132,-0.0002037074760643814
synopsis_tfidf_143,-0.0002037074760643814
synopsis_tfidf_341,-0.0002037074760643814
synopsis_tfidf_288,-0.0002037074760643814
synopsis_tfidf_131,-0.0002037074760643814
synopsis_tfidf_701,-0.0004074149521287628
synopsis_tfidf_800,-0.0004074149521287628
synopsis_tfidf_937,-0.0004074149521287628
synopsis_tfidf_336,-0.0004074149521287628
synopsis_tfidf_842,-0.0004074149521287628
synopsis_tfidf_335,-0.0004074149521287628
synopsis_tfidf_327,-0.0004074149521287628
synopsis_tfidf_845,-0.0004074149521287628
synopsis_tfidf_847,-0.0004074149521287628
synopsis_tfidf_316,-0.0004074149521287628
synopsis_tfidf_158,-0.0004074149521287628
synopsis_tfidf_175,-0.0004074149521287628
synopsis_tfidf_213,-0.0004074149521287628
synopsis_tfidf_646,-0.0004074149521287628
synopsis_tfidf_730,-0.0004074149521287628
synopsis_tfidf_293,-0.0004074149521287628
synopsis_tfidf_426,-0.0004074149521287628
synopsis_tfidf_702,-0.0004074149521287628
synopsis_tfidf_417,-0.0004074149521287628
synopsis_tfidf_64,-0.0004074149521287628
synopsis_tfidf_681,-0.0004074149521287628
synopsis_tfidf_680,-0.0004074149521287628
synopsis_tfidf_719,-0.0004074149521287628
synopsis_tfidf_725,-0.0004074149521287628
synopsis_tfidf_451,-0.0004074149521287628
synopsis_tfidf_291,-0.0004074149521287628
synopsis_tfidf_278,-0.0004074149521287628
synopsis_tfidf_67,-0.0004074149521287628
synopsis_tfidf_445,-0.0004074149521287628
synopsis_tfidf_61,-0.0004074149521287628
synopsis_tfidf_68,-0.0004074149521287628
synopsis_tfidf_678,-0.0004074149521287628
synopsis_tfidf_440,-0.0004074149521287628
synopsis_tfidf_545,-0.0004074149521287628
synopsis_tfidf_607,-0.0004074149521287628
synopsis_tfidf_263,-0.0004074149521287628
synopsis_tfidf_82,-0.0004074149521287628
synopsis_tfidf_512,-0.0004074149521287628
synopsis_tfidf_602,-0.0004074149521287628
synopsis_tfidf_604,-0.0004074149521287628
synopsis_tfidf_574,-0.0004074149521287628
synopsis_tfidf_605,-0.0004074149521287628
synopsis_tfidf_871,-0.0004074149521287628
synopsis_tfidf_872,-0.0004074149521287628
synopsis_tfidf_786,-0.0004074149521287628
synopsis_tfidf_192,-0.0004074149521287628
synopsis_tfidf_208,-0.0006111224281931441
synopsis_tfidf_148,-0.0006111224281931441
synopsis_tfidf_441,-0.0006111224281931441
synopsis_tfidf_585,-0.0006111224281931441
synopsis_tfidf_313,-0.0006111224281931441
synopsis_tfidf_878,-0.0006111224281931441
synopsis_tfidf_198,-0.0006111224281931441
synopsis_tfidf_319,-0.0006111224281931441
synopsis_tfidf_323,-0.0006111224281931441
synopsis_tfidf_773,-0.0006111224281931441
synopsis_tfidf_694,-0.0006111224281931441
synopsis_tfidf_48,-0.0006111224281931441
synopsis_tfidf_888,-0.0006111224281931441
synopsis_tfidf_961,-0.0006111224281931441
synopsis_tfidf_821,-0.0006111224281931441
synopsis_tfidf_764,-0.0006111224281931441
synopsis_tfidf_985,-0.0006111224281931441
synopsis_tfidf_734,-0.0006111224281931441
Genres_Ecchi,-0.0006111224281931441
synopsis_tfidf_57,-0.0006111224281931441
synopsis_tfidf_962,-0.0006111224281931441
synopsis_tfidf_243,-0.0006111224281931441
synopsis_tfidf_643,-0.0006111224281931441
synopsis_tfidf_617,-0.0006111224281931441
synopsis_tfidf_932,-0.0006111224281931441
synopsis_tfidf_30,-0.0006111224281931441
synopsis_tfidf_456,-0.0006111224281931441
synopsis_tfidf_625,-0.0006111224281931441
synopsis_tfidf_926,-0.0006111224281931441
synopsis_tfidf_908,-0.0008148299042575256
synopsis_tfidf_283,-0.0008148299042575256
synopsis_tfidf_54,-0.0008148299042575256
synopsis_tfidf_744,-0.0008148299042575256
synopsis_tfidf_562,-0.0008148299042575256
synopsis_tfidf_187,-0.0008148299042575256
synopsis_tfidf_183,-0.0008148299042575256
synopsis_tfidf_517,-0.0008148299042575256
synopsis_tfidf_569,-0.0008148299042575256
synopsis_tfidf_715,-0.0008148299042575256
synopsis_tfidf_700,-0.0008148299042575256
synopsis_tfidf_168,-0.0008148299042575256
synopsis_tfidf_508,-0.0008148299042575256
synopsis_tfidf_171,-0.0008148299042575256
synopsis_tfidf_2,-0.0008148299042575256
synopsis_tfidf_763,-0.0008148299042575256
synopsis_tfidf_167,-0.0008148299042576167
synopsis_tfidf_353,-0.001018537380321907
synopsis_tfidf_301,-0.001018537380321907
synopsis_tfidf_997,-0.001018537380321907
synopsis_tfidf_776,-0.001018537380321907
synopsis_tfidf_709,-0.001018537380321907
synopsis_tfidf_388,-0.001018537380321907
synopsis_tfidf_854,-0.001018537380321907
synopsis_tfidf_965,-0.001018537380321907
synopsis_tfidf_812,-0.001018537380321907
synopsis_tfidf_770,-0.001018537380321907
synopsis_tfidf_197,-0.001018537380321907
synopsis_tfidf_805,-0.001018537380321907
synopsis_tfidf_91,-0.001018537380321907
synopsis_tfidf_898,-0.001018537380321907
synopsis_tfidf_99,-0.001018537380321907
synopsis_tfidf_366,-0.001018537380321907
synopsis_tfidf_594,-0.001018537380321907
synopsis_tfidf_381,-0.001018537380321907
synopsis_tfidf_448,-0.001018537380321907
synopsis_tfidf_247,-0.001018537380321907
synopsis_tfidf_902,-0.001018537380321907
synopsis_tfidf_282,-0.001018537380321907
synopsis_tfidf_105,-0.001018537380321907
synopsis_tfidf_704,-0.0012222448563862882
synopsis_tfidf_868,-0.0012222448563862882
synopsis_tfidf_106,-0.0012222448563862882
synopsis_tfidf_299,-0.0012222448563862882
synopsis_tfidf_573,-0.0012222448563862882
synopsis_tfidf_769,-0.0012222448563862882
synopsis_tfidf_389,-0.0012222448563862882
synopsis_tfidf_841,-0.0012222448563862882
synopsis_tfidf_582,-0.0012222448563862882
synopsis_tfidf_169,-0.0012222448563862882
synopsis_tfidf_618,-0.0012222448563862882
synopsis_tfidf_509,-0.0012222448563862882
synopsis_tfidf_883,-0.0012222448563862882
synopsis_tfidf_515,-0.0012222448563862882
synopsis_tfidf_113,-0.0012222448563862882
synopsis_tfidf_364,-0.0012222448563862882
synopsis_tfidf_507,-0.0012222448563862882
Rating_PG-13,-0.0012222448563863795
synopsis_tfidf_835,-0.0012222448563863795
synopsis_tfidf_147,-0.0014259523324506695
synopsis_tfidf_339,-0.0014259523324506695
synopsis_tfidf_914,-0.0014259523324506695
synopsis_tfidf_690,-0.0014259523324506695
synopsis_tfidf_449,-0.0014259523324506695
synopsis_tfidf_408,-0.0014259523324506695
synopsis_tfidf_284,-0.0014259523324506695
synopsis_tfidf_450,-0.0014259523324506695
synopsis_tfidf_79,-0.0014259523324506695
synopsis_tfidf_127,-0.0014259523324506695
synopsis_tfidf_576,-0.0014259523324506695
synopsis_tfidf_840,-0.0016296598085150512
synopsis_tfidf_38,-0.0016296598085150512
synopsis_tfidf_794,-0.0016296598085150512
synopsis_tfidf_157,-0.0016296598085150512
synopsis_tfidf_546,-0.0016296598085150512
synopsis_tfidf_349,-0.0016296598085150512
synopsis_tfidf_555,-0.0016296598085150512
synopsis_tfidf_111,-0.0016296598085150512
synopsis_tfidf_981,-0.0016296598085150512
synopsis_tfidf_14,-0.0016296598085150512
synopsis_tfidf_334,-0.0016296598085150512
synopsis_tfidf_497,-0.0016296598085150512
synopsis_tfidf_831,-0.0016296598085150512
synopsis_tfidf_363,-0.0016296598085150512
synopsis_tfidf_182,-0.0016296598085150512
synopsis_tfidf_729,-0.0016296598085150512
synopsis_tfidf_527,-0.0016296598085150512
synopsis_tfidf_470,-0.0016296598085150512
synopsis_tfidf_227,-0.0016296598085150512
synopsis_tfidf_420,-0.0016296598085150512
synopsis_tfidf_969,-0.0016296598085150512
synopsis_tfidf_630,-0.0018333672845794325
synopsis_tfidf_990,-0.0018333672845794325
synopsis_tfidf_765,-0.0018333672845794325
synopsis_tfidf_549,-0.0018333672845794325
synopsis_tfidf_657,-0.0018333672845794325
synopsis_tfidf_737,-0.0018333672845794325
synopsis_tfidf_60,-0.0018333672845794325
synopsis_tfidf_901,-0.0018333672845794325
synopsis_tfidf_779,-0.0018333672845794325
synopsis_tfidf_826,-0.0018333672845794325
synopsis_tfidf_467,-0.0018333672845794325
synopsis_tfidf_649,-0.0018333672845794325
synopsis_tfidf_572,-0.0018333672845794325
synopsis_tfidf_211,-0.0018333672845794325
synopsis_tfidf_129,-0.0018333672845794325
synopsis_tfidf_270,-0.0018333672845794325
synopsis_tfidf_431,-0.0018333672845794325
synopsis_tfidf_979,-0.0018333672845794325
synopsis_tfidf_733,-0.0018333672845794325
synopsis_tfidf_221,-0.0018333672845794325
synopsis_tfidf_196,-0.0018333672845794325
synopsis_tfidf_563,-0.0018333672845794325
synopsis_tfidf_177,-0.0018333672845794325
synopsis_tfidf_624,-0.0018333672845794325
synopsis_tfidf_103,-0.0018333672845794325
synopsis_tfidf_233,-0.0018333672845794325
synopsis_tfidf_577,-0.0018333672845794325
synopsis_tfidf_260,-0.0018333672845794325
Genres_Romance,-0.0018333672845795234
synopsis_tfidf_28,-0.002037074760643814
synopsis_tfidf_846,-0.002037074760643814
synopsis_tfidf_822,-0.002037074760643814
synopsis_tfidf_853,-0.002037074760643814
synopsis_tfidf_34,-0.002037074760643814
synopsis_tfidf_6,-0.002037074760643814
synopsis_tfidf_948,-0.002037074760643814
synopsis_tfidf_185,-0.002037074760643814
synopsis_tfidf_852,-0.002037074760643814
synopsis_tfidf_968,-0.002037074760643814
synopsis_tfidf_859,-0.002037074760643814
synopsis_tfidf_480,-0.002037074760643814
synopsis_tfidf_254,-0.002037074760643814
synopsis_tfidf_392,-0.002037074760643814
synopsis_tfidf_59,-0.002037074760643814
synopsis_tfidf_225,-0.002037074760643814
synopsis_tfidf_674,-0.002037074760643814
synopsis_tfidf_667,-0.002037074760643814
synopsis_tfidf_638,-0.002037074760643814
synopsis_tfidf_391,-0.002037074760643814
synopsis_tfidf_405,-0.002037074760643814
synopsis_tfidf_350,-0.002037074760643814
synopsis_tfidf_81,-0.002037074760643814
synopsis_tfidf_589,-0.002037074760643814
synopsis_tfidf_575,-0.002037074760643814
synopsis_tfidf_550,-0.002037074760643814
synopsis_tfidf_264,-0.002037074760643814
synopsis_tfidf_95,-0.002037074760643814
synopsis_tfidf_365,-0.002037074760643814
synopsis_tfidf_628,-0.002037074760643814
synopsis_tfidf_333,-0.002037074760643814
synopsis_tfidf_766,-0.002037074760643814
synopsis_tfidf_344,-0.002037074760643814
synopsis_tfidf_47,-0.002037074760643814
synopsis_tfidf_858,-0.0022407822367081953
synopsis_tfidf_662,-0.0022407822367081953
synopsis_tfidf_383,-0.0022407822367081953
synopsis_tfidf_238,-0.0022407822367081953
synopsis_tfidf_861,-0.0022407822367081953
synopsis_tfidf_870,-0.0022407822367081953
synopsis_tfidf_939,-0.0022407822367081953
synopsis_tfidf_460,-0.0022407822367081953
synopsis_tfidf_466,-0.0022407822367081953
synopsis_tfidf_887,-0.0022407822367081953
synopsis_tfidf_90,-0.0022407822367081953
synopsis_tfidf_496,-0.0022407822367081953
synopsis_tfidf_895,-0.0022407822367081953
synopsis_tfidf_552,-0.0022407822367081953
synopsis_tfidf_312,-0.0022407822367081953
synopsis_tfidf_900,-0.0022407822367081953
synopsis_tfidf_916,-0.0022407822367081953
synopsis_tfidf_836,-0.0022407822367081953
synopsis_tfidf_910,-0.0022407822367081953
synopsis_tfidf_697,-0.0022407822367081953
synopsis_tfidf_827,-0.0022407822367081953
synopsis_tfidf_726,-0.0022407822367081953
synopsis_tfidf_372,-0.0022407822367081953
synopsis_tfidf_179,-0.0022407822367081953
synopsis_tfidf_136,-0.0022407822367081953
synopsis_tfidf_348,-0.0022407822367081953
synopsis_tfidf_717,-0.0022407822367081953
synopsis_tfidf_807,-0.002240782236708286
synopsis_tfidf_72,-0.0024444897127725764
synopsis_tfidf_87,-0.0024444897127725764
synopsis_tfidf_163,-0.0024444897127725764
synopsis_tfidf_850,-0.0024444897127725764
synopsis_tfidf_818,-0.0024444897127725764
synopsis_tfidf_239,-0.0024444897127725764
synopsis_tfidf_474,-0.0024444897127725764
synopsis_tfidf_43,-0.0024444897127725764
synopsis_tfidf_53,-0.0024444897127725764
synopsis_tfidf_788,-0.0024444897127725764
synopsis_tfidf_642,-0.0024444897127725764
synopsis_tfidf_31,-0.0024444897127725764
synopsis_tfidf_745,-0.0024444897127725764
synopsis_tfidf_430,-0.0024444897127725764
synopsis_tfidf_9,-0.0024444897127725764
synopsis_tfidf_118,-0.0024444897127725764
synopsis_tfidf_130,-0.0024444897127725764
synopsis_tfidf_688,-0.0024444897127725764
synopsis_tfidf_482,-0.0024444897127726675
synopsis_tfidf_25,-0.002648197188836958
synopsis_tfidf_612,-0.002648197188836958
synopsis_tfidf_692,-0.002648197188836958
synopsis_tfidf_955,-0.002648197188836958
synopsis_tfidf_619,-0.002648197188836958
synopsis_tfidf_324,-0.002648197188836958
synopsis_tfidf_55,-0.002648197188836958
synopsis_tfidf_159,-0.002648197188836958
synopsis_tfidf_784,-0.002648197188836958
synopsis_tfidf_666,-0.002648197188836958
synopsis_tfidf_154,-0.002648197188836958
synopsis_tfidf_109,-0.002648197188836958
synopsis_tfidf_358,-0.002851904664901339
synopsis_tfidf_500,-0.002851904664901339
synopsis_tfidf_200,-0.002851904664901339
synopsis_tfidf_622,-0.002851904664901339
synopsis_tfidf_946,-0.002851904664901339
synopsis_tfidf_839,-0.002851904664901339
synopsis_tfidf_128,-0.002851904664901339
synopsis_tfidf_352,-0.002851904664901339
synopsis_tfidf_49,-0.002851904664901339
synopsis_tfidf_280,-0.002851904664901339
synopsis_tfidf_375,-0.002851904664901339
synopsis_tfidf_613,-0.002851904664901339
synopsis_tfidf_867,-0.002851904664901339
synopsis_tfidf_817,-0.003055612140965721
synopsis_tfidf_641,-0.003055612140965721
synopsis_tfidf_102,-0.003055612140965721
synopsis_tfidf_310,-0.003055612140965721
synopsis_tfidf_443,-0.003055612140965721
synopsis_tfidf_825,-0.003055612140965721
synopsis_tfidf_174,-0.003055612140965721
synopsis_tfidf_584,-0.003055612140965721
synopsis_tfidf_234,-0.003055612140965721
synopsis_tfidf_829,-0.0032593196170301025
synopsis_tfidf_862,-0.0032593196170301025
synopsis_tfidf_881,-0.0032593196170301025
synopsis_tfidf_248,-0.0032593196170301025
synopsis_tfidf_295,-0.0032593196170301025
synopsis_tfidf_738,-0.0032593196170301025
synopsis_tfidf_988,-0.0032593196170301025
synopsis_tfidf_548,-0.0032593196170301025
synopsis_tfidf_553,-0.0032593196170301025
synopsis_tfidf_50,-0.0034630270930944835
synopsis_tfidf_945,-0.0034630270930944835
synopsis_tfidf_516,-0.0034630270930944835
synopsis_tfidf_486,-0.0034630270930944835
synopsis_tfidf_882,-0.0034630270930944835
synopsis_tfidf_944,-0.0034630270930944835
synopsis_tfidf_804,-0.0034630270930944835
synopsis_tfidf_923,-0.003666734569158865
synopsis_tfidf_395,-0.003666734569158865
synopsis_tfidf_971,-0.003666734569158865
synopsis_tfidf_188,-0.003666734569158865
synopsis_tfidf_318,-0.003666734569158865
synopsis_tfidf_787,-0.003666734569158865
synopsis_tfidf_195,-0.003666734569158865
synopsis_tfidf_226,-0.003666734569158865
synopsis_tfidf_703,-0.003666734569158865
synopsis_tfidf_590,-0.003666734569158865
synopsis_tfidf_193,-0.003666734569158865
synopsis_tfidf_286,-0.003870442045223246
synopsis_tfidf_56,-0.003870442045223246
synopsis_tfidf_801,-0.003870442045223246
synopsis_tfidf_92,-0.003870442045223246
synopsis_tfidf_1,-0.003870442045223246
synopsis_tfidf_258,-0.003870442045223246
synopsis_tfidf_317,-0.003870442045223246
synopsis_tfidf_873,-0.003870442045223246
synopsis_tfidf_596,-0.003870442045223246
synopsis_tfidf_459,-0.004074149521287628
synopsis_tfidf_165,-0.004074149521287628
synopsis_tfidf_492,-0.004074149521287628
synopsis_tfidf_919,-0.004074149521287628
synopsis_tfidf_393,-0.004074149521287628
synopsis_tfidf_100,-0.004074149521287628
synopsis_tfidf_609,-0.004074149521287628
synopsis_tfidf_268,-0.004074149521287628
synopsis_tfidf_439,-0.004277856997352009
synopsis_tfidf_124,-0.004277856997352009
synopsis_tfidf_121,-0.004277856997352009
synopsis_tfidf_162,-0.004277856997352009
synopsis_tfidf_753,-0.004277856997352009
synopsis_tfidf_494,-0.004277856997352009
synopsis_tfidf_668,-0.004277856997352009
synopsis_tfidf_98,-0.004277856997352009
synopsis_tfidf_22,-0.004481564473416391
synopsis_tfidf_491,-0.004481564473416391
synopsis_tfidf_943,-0.004481564473416391
synopsis_tfidf_534,-0.004481564473416391
synopsis_tfidf_789,-0.004481564473416391
synopsis_tfidf_623,-0.004481564473416391
synopsis_tfidf_289,-0.004685271949480771
synopsis_tfidf_724,-0.004685271949480771
synopsis_tfidf_522,-0.004685271949480771
synopsis_tfidf_279,-0.004685271949480771
synopsis_tfidf_739,-0.004685271949480771
synopsis_tfidf_583,-0.004685271949480771
synopsis_tfidf_477,-0.004685271949480771
synopsis_tfidf_337,-0.004685271949480771
synopsis_tfidf_796,-0.004685271949480771
synopsis_tfidf_438,-0.004888979425545153
synopsis_tfidf_705,-0.004888979425545153
synopsis_tfidf_754,-0.004888979425545153
synopsis_tfidf_300,-0.004888979425545153
synopsis_tfidf_621,-0.004888979425545153
synopsis_tfidf_384,-0.005092686901609534
synopsis_tfidf_980,-0.005092686901609534
synopsis_tfidf_406,-0.005092686901609534
synopsis_tfidf_252,-0.005092686901609534
synopsis_tfidf_541,-0.005092686901609534
synopsis_tfidf_620,-0.005092686901609534
synopsis_tfidf_251,-0.005092686901609534
synopsis_tfidf_78,-0.005296394377673916
synopsis_tfidf_989,-0.005296394377673916
synopsis_tfidf_386,-0.005296394377673916
synopsis_tfidf_713,-0.005500101853738297
synopsis_tfidf_89,-0.005500101853738297
synopsis_tfidf_332,-0.005703809329802678
synopsis_tfidf_603,-0.005703809329802678
synopsis_tfidf_918,-0.0059075168058670595
synopsis_tfidf_806,-0.0059075168058670595
synopsis_tfidf_199,-0.0059075168058670595
synopsis_tfidf_637,-0.0059075168058670595
synopsis_tfidf_758,-0.006111224281931442
synopsis_tfidf_413,-0.006111224281931442
synopsis_tfidf_361,-0.006518639234060205
synopsis_tfidf_33,-0.006518639234060205
synopsis_tfidf_370,-0.006722346710124586
synopsis_tfidf_511,-0.006722346710124586
synopsis_tfidf_565,-0.006722346710124586
synopsis_tfidf_80,-0.006722346710124586
synopsis_tfidf_993,-0.007129761662253349
synopsis_tfidf_329,-0.007129761662253349
synopsis_tfidf_951,-0.008148299042575255
synopsis_tfidf_757,-0.008352006518639637
Types_Special,-0.008555713994704018
synopsis_tfidf_161,-0.008963128946832781
synopsis_tfidf_314,-0.009777958851090306
synopsis_tfidf_783,-0.009777958851090306
synopsis_tfidf_156,-0.011407618659605356
synopsis_tfidf_896,-0.012426156039927264
synopsis_tfidf_265,-0.013444693420249171
synopsis_tfidf_616,-0.014055815848442316
